[{"model": "admin.logentry", "pk": 1, "fields": {"action_time": "2022-02-06T01:29:40.440Z", "user": 1, "content_type": 7, "object_id": "1", "object_repr": "brackenpenturner.example.com", "action_flag": 2, "change_message": "[{\"changed\": {\"fields\": [\"Domain name\", \"Display name\"]}}]"}}, {"model": "admin.logentry", "pk": 2, "fields": {"action_time": "2022-02-06T01:47:17.860Z", "user": 1, "content_type": 8, "object_id": "1", "object_repr": "daniel_cornwall@hotmail.com", "action_flag": 2, "change_message": "[{\"changed\": {\"fields\": [\"Verified\", \"Primary\"]}}]"}}, {"model": "admin.logentry", "pk": 3, "fields": {"action_time": "2022-04-04T20:40:31.247Z", "user": 1, "content_type": 18, "object_id": "1", "object_repr": "Pen Events", "action_flag": 1, "change_message": "[{\"added\": {}}]"}}, {"model": "admin.logentry", "pk": 4, "fields": {"action_time": "2022-04-04T20:40:44.856Z", "user": 1, "content_type": 18, "object_id": "1", "object_repr": "Pen Event 1", "action_flag": 2, "change_message": "[{\"changed\": {\"fields\": [\"Title\"]}}]"}}, {"model": "admin.logentry", "pk": 5, "fields": {"action_time": "2022-05-23T18:50:18.748Z", "user": 1, "content_type": 18, "object_id": "2", "object_repr": "Pen Event 2", "action_flag": 1, "change_message": "[{\"added\": {}}]"}}, {"model": "admin.logentry", "pk": 6, "fields": {"action_time": "2022-06-01T14:18:47.897Z", "user": 1, "content_type": 19, "object_id": "1", "object_repr": "Comment test! by Daniel", "action_flag": 1, "change_message": "[{\"added\": {}}]"}}, {"model": "admin.logentry", "pk": 7, "fields": {"action_time": "2022-06-01T14:43:50.738Z", "user": 1, "content_type": 19, "object_id": "1", "object_repr": "Comment test! by Daniel", "action_flag": 2, "change_message": "[{\"changed\": {\"fields\": [\"Active\"]}}]"}}, {"model": "admin.logentry", "pk": 8, "fields": {"action_time": "2022-06-01T14:43:55.059Z", "user": 1, "content_type": 19, "object_id": "2", "object_repr": "Comment I can see you blog post! by Daniel", "action_flag": 2, "change_message": "[{\"changed\": {\"fields\": [\"Active\"]}}]"}}, {"model": "auth.user", "pk": 1, "fields": {"password": "pbkdf2_sha256$260000$NMZINZX4DaofRG2RBW6NSF$P+DD4VcLPPCz5+CaO2WFjEbEHe7HVZoXH/bUxnICmvc=", "last_login": "2022-06-01T14:18:21.465Z", "is_superuser": true, "username": "penadmin", "first_name": "", "last_name": "", "email": "daniel_cornwall@hotmail.com", "is_staff": true, "is_active": true, "date_joined": "2022-02-06T00:04:44.534Z", "groups": [], "user_permissions": []}}, {"model": "auth.user", "pk": 2, "fields": {"password": "pbkdf2_sha256$260000$x47PnTduw0C0Pj1RLKXKhh$Rb9fSvuJnYNicODbVEzjaPMT28BSKFi33H29BsKmdeQ=", "last_login": "2022-02-16T23:56:10.945Z", "is_superuser": false, "username": "Daniel", "first_name": "", "last_name": "", "email": "whatnote@gmail.com", "is_staff": false, "is_active": true, "date_joined": "2022-02-16T14:47:10.346Z", "groups": [], "user_permissions": []}}, {"model": "sessions.session", "pk": "6ihs9cl5fv2kza4156qse2nya9oknlr1", "fields": {"session_data": ".eJxVjkEOwiAURO_C2pD-QgW6dO8ZCPA_ghowpU00xrtrTRe6nfdmMk9m3TInuzSabEY2MmC738y7cKGyAjy7cqo81DJP2fNV4Rtt_FiRrofN_RtIrqVPmzRpicqEvpNDFGYPgFJF8ADOSOjVEIzp0WPAKEC5qAQpEIGGaHSE76tGreVaLN1veXqwsXu9AXk3PvE:1nM9Fl:t8WzTAQd7tGGipDvbpvP_ZqwNtEMCS2aFqKD5WisOb0", "expire_date": "2022-03-07T14:01:25.098Z"}}, {"model": "sessions.session", "pk": "8us9fa3vtr2h374bdkgb0k8pe9k37u6y", "fields": {"session_data": ".eJxVjDEOgzAMRe_iuYpIUlBg7N4zRHZsF1qUSAS6VL17i8TC-t97_wMV3xKnrAUGxbnKBSJu6xi3KkucGAawcNoI00vyDviJ-VFMKnldJjK7Yg5azb2wzLfDPR2MWMd_HbQXdN6x9dgis3WNku_USegso0jDbUMpoE8SBK1TUmSh_tqRaz3C9webCD_T:1nqM4m:k90fLuaAoY-OIa8PFguk9XCjwT4DNIDlhFnBy7VfCck", "expire_date": "2022-05-29T21:46:56.280Z"}}, {"model": "sessions.session", "pk": "95t1lsz64p10xyclv6pid9xz8pdovkan", "fields": {"session_data": "e30:1nKLNR:N3eGVGXoP60vQIQzGqJw-Hm3HZbQPE28ZKzrfD2HpnA", "expire_date": "2022-03-02T14:33:53.865Z"}}, {"model": "sessions.session", "pk": "97jb03oxokt1mxu3jq1piuyzv414bnmi", "fields": {"session_data": ".eJxVjDsOgzAQBe-ydWRhO0aGMn3OgN5610ASgcSnQtw9IFEk7Zt5s1GDdemaddap6YVqsnT73RjprcMJ5IWhHU0ah2Xq2ZyKuehsnqPo53G5f4EOc3e8Y64UzjuxHgEi1hWZfZmdxtIKVAsJBacInzQqrMucIcrVvWQXPI4oo6V6o0C13fcvSkA9FA:1nbKbX:eKWjUwzrvjbqCDAOfg-lSfFgLEeFpAF1FrBXjKRDSvk", "expire_date": "2022-04-18T11:10:39.390Z"}}, {"model": "sessions.session", "pk": "9bhcvdxu5zt0tplkh5e6uwqydl8ajkpr", "fields": {"session_data": ".eJxVjEEOwiAQRe_C2hAYhFCX7j0DmWEGqRqalHbVeHdt0oVu_3vvbyrhutS0dpnTyOqirDr9boT5KW0H_MB2n3Se2jKPpHdFH7Tr28Tyuh7u30HFXr91LIMgOGDr0COzBVPIhQISg2UUMewN5YguSxS0UKggCw3nQOAdqvcHDo05ZA:1nwPAz:dE8vUQEegHNQwWyVXhbXthqCpHfLiuKCB9x07t3SZ1g", "expire_date": "2022-06-15T14:18:21.467Z"}}, {"model": "sessions.session", "pk": "9i73cibsyyy6632x2hoasqbwu3gg3a98", "fields": {"session_data": ".eJxVjkEOgyAURO_C2hC_YBGX3fcMBPgfpW2gEU3aGO_e2rhot_PeTGZlxi7zaJZCk4nIegas-s2c9TdKO8CrTUPmPqd5io7vCj9o4ZeMdD8f7t_AaMv4aVNHnUSlfVPLNgh9AkCpAjgAqyU0qvVaN-jQYxCgbFCCFAhPbdBdgO-rQqXEnAw9H3F6sb6umLMD69dtewO6cUG9:1nLa0X:3RUTripJYx3q1KwrOb2pipqdMuNsVQOlBAS3LnabVtI", "expire_date": "2022-03-06T00:23:21.544Z"}}, {"model": "sessions.session", "pk": "h8ibcjgwlq5r8gvasvjk2hubf414uosz", "fields": {"session_data": ".eJxljEsKwjAUAO-StZT82jRduvcM4SV5sdGaSNOKIt5dIkUQtzPDPAk4l9e0mBvOMUT0Bi8QJzKkdZp2X7sWnMlAONkRA-syfoCJ_p9ZcGdMVfgTpGNuXE7LHG1Tk2azpTlkj9N-a38GI5SxbgGp4EH2SjsWfJDKBQxgtUWUret7xbjVQQslvG9F51rdCYs9tYpLYFCnBUuJORm8X-P8IAPjVHeUvt6UrFJ2:1nKLnR:_qaSlQXiXLmMLaxSuTE65LskKB8UgTuxeUrfZ2CYH5c", "expire_date": "2022-03-02T15:00:45.977Z"}}, {"model": "sessions.session", "pk": "jsaa0yqgsaz3q0eu2x69oljuwb032aob", "fields": {"session_data": "e30:1nKLAT:T72F2SAzpWcL4dpCr3SsZ76lHEYq0ZtEBRWQ9O8QsOI", "expire_date": "2022-03-02T14:20:29.782Z"}}, {"model": "sessions.session", "pk": "o6jk4hdt14l2q3euz3ilr6gfylaer941", "fields": {"session_data": ".eJxVjEEOwiAQRe8ya0M6hUrp0r1nIMAMFjXQlDbRGO-uTbrp9r_3_gds5VpTyZZfU5rfMDQnsG5dRrtWnm0iGADhsHkXHpw3QHeXb0WEkpc5ebEpYqdVXAvx87K7h4PR1fFfc8-9Im1C26guSnNGJKUjekRnFLa6C8a05ClQlKhd1JI1ysBdNH1EhO8P_a0-8Q:1nGWdy:m455PHYB7eoc3L9GiVRQQwjsjF3_u2A7gDMm7MuTgp0", "expire_date": "2022-02-20T01:47:10.929Z"}}, {"model": "sessions.session", "pk": "p0imt43r8f3ij4whgw92yxjc4ywn5rxh", "fields": {"session_data": ".eJxVjDEOgzAQBP9ydWRhOyBDmT5vQHu-M5BEIGGoEH8PSDS0M7O7EaOjZiNLjd0f1GJd-nbNOreDUHPgG2PEr46nkA_GbjJxGpd5YHMm5rLZvCfR3-tqbwc9cn-sQ6oVzjuxHiVErCsS-yo5DZUVqBZSFhwDfNSgsC5xgijXz4pd6UH7H6IPPRA:1nUHQO:4n3kYvsq4IREbnGbbzoigW3PNERJdGmLiN2yfeaHxbY", "expire_date": "2022-03-30T00:22:00.999Z"}}, {"model": "sessions.session", "pk": "pgl5v76mn5p4k6xs0pqmopjjjc9b6v45", "fields": {"session_data": ".eJxVjs0KgzAQhN9lzyKuxsbk2HufIeRno2lLUoyWFvHdq8WLp4GZb4ZZIOs3qRB9AjmNMxWg9DwNas40quBAAsLJM9o-KO6Bu-vYp9KmOI3BlDtSHmkub8nR83qwp4FB52FrU0cdc1zYumKtb8QF0THu0SBqwbDmrRWidsZZ5xvk2vOGODaWWi86j_9XmXIOKSr6vML4BVkVYHQPcgEBEgvAapN1_QElr0oF:1nKr31:5EUDnzy7aotwQZ4u67AxlgmcYmTywYMRBzyzKEAgR0c", "expire_date": "2022-03-04T00:22:55.279Z"}}, {"model": "sessions.session", "pk": "zmtpjxyj9y0hrazyahijmpiu7utqfzo9", "fields": {"session_data": "e30:1nKLN2:HUNXFJYIF59QiYxfN_IG-gBio2vHEQP8TFbCXo4ayik", "expire_date": "2022-03-02T14:33:28.147Z"}}, {"model": "sites.site", "pk": 1, "fields": {"domain": "brackenpenturner.example.com", "name": "Bracken Pen Turner"}}, {"model": "account.emailaddress", "pk": 1, "fields": {"user": 1, "email": "daniel_cornwall@hotmail.com", "verified": true, "primary": true}}, {"model": "account.emailaddress", "pk": 2, "fields": {"user": 2, "email": "whatnote@gmail.com", "verified": true, "primary": true}}, {"model": "products.category", "pk": 1, "fields": {"name": "cigar_pen", "friendly_name": "Cigar Pen"}}, {"model": "products.category", "pk": 2, "fields": {"name": "fountain_pen", "friendly_name": "Fountain Pen"}}, {"model": "products.category", "pk": 3, "fields": {"name": "new_arrivals", "friendly_name": "New Arrivals"}}, {"model": "products.category", "pk": 4, "fields": {"name": "race_car_stylus", "friendly_name": "Race Car Stylus"}}, {"model": "products.category", "pk": 5, "fields": {"name": "slim_line_pen", "friendly_name": "Slim Line Pen"}}, {"model": "products.product", "pk": 1, "fields": {"category": 1, "sku": "pp5001340155", "name": "Acrylic Black and White Cigar Pen", "description": "A wonderfully turned white acrylic with black swirl.", "price": "51.99", "image": "PenNo292.png"}}, {"model": "products.product", "pk": 2, "fields": {"category": 2, "sku": "pp5001600425", "name": "Gold and Black Fountain Pen Acrylic", "description": "A delightfully turned fountain pen detailing amber huews", "price": "65.99", "image": "PenNo312.png"}}, {"model": "products.product", "pk": 3, "fields": {"category": 2, "sku": "pp5001730010", "name": "Acrylic Red and Black Fountain Pen", "description": "An Acrylic turned red and black fountain pen, beautifully joining together both colours in smoky clouds", "price": "65.99", "image": "PenNo313.png"}}, {"model": "products.product", "pk": 4, "fields": {"category": 4, "sku": "pp5001890157", "name": "Acrylic Orange and black Race Car Stlyus", "description": "A brilliantly turned acrylic racing car stlyus, complete with stering wheel clip detail.", "price": "36.99", "image": "PenNo321.png"}}, {"model": "products.product", "pk": 5, "fields": {"category": 4, "sku": "pp5002111605", "name": "Acrylic Purple and black Race Car Stlyus", "description": "A brilliantly turned acrylic racing car stlyus, complete with stering wheel clip detail.", "price": "36.99", "image": "PenNo322.png"}}, {"model": "products.product", "pk": 6, "fields": {"category": 1, "sku": "pp5002260206", "name": "Acrylic blue, white, green and white Cigar Pen", "description": "A stunning colection of colours turned out of acrylic Cigar", "price": "42.99", "image": "PenNo325.png"}}, {"model": "products.product", "pk": 7, "fields": {"category": 5, "sku": "pp5002440521", "name": "Acrylic blue, white, green and black Slim Line Pen", "description": "A perfectly turned Acrylic Pen containing blue, white, green and black.", "price": "29.99", "image": "PenNo328.png"}}, {"model": "products.product", "pk": 8, "fields": {"category": 5, "sku": "pp5002601115", "name": "Acrylic purple, red, black while and gold Slim Line Pen", "description": "A great example of a slim line pen turned acrylic, containing multiple colours. ", "price": "29.99", "image": "PenNo329.png"}}, {"model": "checkout.order", "pk": 1, "fields": {"order_number": "79AA6458CBBC438BAC39519FA743233E", "user_profile": null, "full_name": "Mr Daniel M Culley", "email": "daniel_cornwall@hotmail.com", "phone_number": "07940501150", "country": "United Kingdom", "postcode": "BR14SA", "town_or_city": "Bromley", "street_address1": "87 Hillcrest Road", "street_address2": null, "county": "Kent", "date": "2022-02-13T00:10:38.866Z", "delivery_cost": "3.00", "order_total": "29.99", "grand_total": "32.99", "original_bag": "", "stripe_pid": ""}}, {"model": "checkout.order", "pk": 2, "fields": {"order_number": "AE41C2AF51994C06BCBBF614DA8A8092", "user_profile": null, "full_name": "Mr Daniel M Culley", "email": "daniel_cornwall@hotmail.com", "phone_number": "07940501150", "country": "United Kingdom", "postcode": "BR14SA", "town_or_city": "Bromley", "street_address1": "87 Hillcrest Road", "street_address2": null, "county": "Kent", "date": "2022-02-13T00:12:36.761Z", "delivery_cost": "4.60", "order_total": "45.99", "grand_total": "50.59", "original_bag": "", "stripe_pid": ""}}, {"model": "checkout.order", "pk": 3, "fields": {"order_number": "CC29FDCCA63B45A59D51D37B318D68A8", "user_profile": null, "full_name": "Mr Daniel M Culley", "email": "daniel_cornwall@hotmail.com", "phone_number": "07940501150", "country": "United Kingdom", "postcode": "BR14SA", "town_or_city": "Bromley", "street_address1": "87 Hillcrest Road", "street_address2": null, "county": "Kent", "date": "2022-02-13T00:19:31.088Z", "delivery_cost": "3.00", "order_total": "29.99", "grand_total": "32.99", "original_bag": "", "stripe_pid": ""}}, {"model": "checkout.order", "pk": 4, "fields": {"order_number": "218A320A0F5F49EF8019A09AAE295A2F", "user_profile": null, "full_name": "Mr Daniel M Culley", "email": "daniel_cornwall@hotmail.com", "phone_number": "07940501150", "country": "United Kingdom", "postcode": "BR14SA", "town_or_city": "Bromley", "street_address1": "87 Hillcrest Road", "street_address2": null, "county": "Kent", "date": "2022-02-13T01:14:36.052Z", "delivery_cost": "0.00", "order_total": "65.99", "grand_total": "65.99", "original_bag": "", "stripe_pid": ""}}, {"model": "checkout.order", "pk": 5, "fields": {"order_number": "ED6F8AEA2CF043129EB715DADA2A94E8", "user_profile": null, "full_name": "Mr Daniel M Culley", "email": "daniel_cornwall@hotmail.com", "phone_number": "07940501150", "country": "United Kingdom", "postcode": "BR14SA", "town_or_city": "Bromley", "street_address1": "87 Hillcrest Road", "street_address2": null, "county": "Kent", "date": "2022-02-13T11:11:59.436Z", "delivery_cost": "4.60", "order_total": "45.99", "grand_total": "50.59", "original_bag": "", "stripe_pid": ""}}, {"model": "checkout.order", "pk": 6, "fields": {"order_number": "0AB11849F4254FE2922F1505850B2E8C", "user_profile": null, "full_name": "Mr Daniel M Culley", "email": "daniel_cornwall@hotmail.com", "phone_number": "07940501150", "country": "United Kingdom", "postcode": "BR14SA", "town_or_city": "Bromley", "street_address1": "87 Hillcrest Road", "street_address2": null, "county": "Kent", "date": "2022-02-13T12:26:52.472Z", "delivery_cost": "3.00", "order_total": "29.99", "grand_total": "32.99", "original_bag": "", "stripe_pid": ""}}, {"model": "checkout.order", "pk": 7, "fields": {"order_number": "73159A5F888941CFBC0C81AEF546A193", "user_profile": null, "full_name": "Mr Daniel M Culley", "email": "daniel_cornwall@hotmail.com", "phone_number": "07940501150", "country": "GB", "postcode": "BR14SA", "town_or_city": "Bromley", "street_address1": "87 Hillcrest Road", "street_address2": null, "county": "Kent", "date": "2022-02-14T03:38:47.481Z", "delivery_cost": "0.00", "order_total": "65.99", "grand_total": "65.99", "original_bag": "", "stripe_pid": ""}}, {"model": "checkout.order", "pk": 8, "fields": {"order_number": "C620A36D642C4C31A2DFF3638970A3E6", "user_profile": null, "full_name": "Mr Daniel M Culley", "email": "daniel_cornwall@hotmail.com", "phone_number": "07940501150", "country": "GB", "postcode": "BR14SA", "town_or_city": "Bromley", "street_address1": "87 Hillcrest Road", "street_address2": null, "county": "Kent", "date": "2022-02-14T04:15:42.068Z", "delivery_cost": "0.00", "order_total": "65.99", "grand_total": "65.99", "original_bag": "{\"2\": 1}", "stripe_pid": "pi_3KSvy1Eiq82jLBhi0zsqeV3N"}}, {"model": "checkout.order", "pk": 9, "fields": {"order_number": "5895F065FC734A19B4C699A3219F2D23", "user_profile": null, "full_name": "Mr Daniel M Culley", "email": "daniel_cornwall@hotmail.com", "phone_number": "07940501150", "country": "GB", "postcode": "BR14SA", "town_or_city": "Bromley", "street_address1": "87 Hillcrest Road", "street_address2": null, "county": "Kent", "date": "2022-02-14T04:23:50.981Z", "delivery_cost": "0.00", "order_total": "65.99", "grand_total": "65.99", "original_bag": "{\"2\": 1}", "stripe_pid": "pi_3KSw65Eiq82jLBhi0grCuJfb"}}, {"model": "checkout.order", "pk": 10, "fields": {"order_number": "C56B19FC9B57405C8E9AAC3534B9E6BA", "user_profile": 2, "full_name": "daniel culley", "email": "whatnote@gmail.com", "phone_number": "07940501150", "country": "GB", "postcode": "BR1 4SA", "town_or_city": "Bromley", "street_address1": "87 Hillcrest Road", "street_address2": null, "county": null, "date": "2022-02-17T00:39:19.472Z", "delivery_cost": "3.00", "order_total": "29.99", "grand_total": "32.99", "original_bag": "{\"7\": 1}", "stripe_pid": "pi_3KTy1UEiq82jLBhi1ciJbse9"}}, {"model": "checkout.order", "pk": 11, "fields": {"order_number": "595758D14CCC4F4B9FE7D4CAC99E0507", "user_profile": 2, "full_name": "daniel culley", "email": "whatnote@gmail.com", "phone_number": "07940501150", "country": "GB", "postcode": "BR1 4SA", "town_or_city": "Bromley", "street_address1": "87 Hillcrest Road", "street_address2": null, "county": null, "date": "2022-02-17T01:12:56.990Z", "delivery_cost": "3.00", "order_total": "29.99", "grand_total": "32.99", "original_bag": "{\"8\": 1}", "stripe_pid": "pi_3KTyXvEiq82jLBhi0PxNBLMA"}}, {"model": "checkout.order", "pk": 12, "fields": {"order_number": "6B2411D05FBA4A63A78C226CDEEA1E4D", "user_profile": 1, "full_name": "test pen buy", "email": "whatnote@gmail.com", "phone_number": "07940501150", "country": "GB", "postcode": "BR1 4SA", "town_or_city": "Bromley", "street_address1": "87 Hillcrest Road", "street_address2": null, "county": null, "date": "2022-02-17T01:49:28.979Z", "delivery_cost": "0.00", "order_total": "65.99", "grand_total": "65.99", "original_bag": "{\"2\": 1}", "stripe_pid": "pi_3KTz7CEiq82jLBhi0Nm7L2UN"}}, {"model": "checkout.order", "pk": 13, "fields": {"order_number": "3618F39BA16446C99C99B406B43FDAD2", "user_profile": null, "full_name": "test test", "email": "whatnote@gmail.com", "phone_number": "07940501150", "country": "GB", "postcode": "BR1 4SA", "town_or_city": "Bromley", "street_address1": "87 Hillcrest Road", "street_address2": null, "county": null, "date": "2022-02-17T01:57:33.908Z", "delivery_cost": "0.00", "order_total": "65.99", "grand_total": "65.99", "original_bag": "{\"3\": 1}", "stripe_pid": "pi_3KTzF4Eiq82jLBhi1Dski48F"}}, {"model": "checkout.order", "pk": 14, "fields": {"order_number": "E487F6F6A32B4AF284079B2E35BD8910", "user_profile": null, "full_name": "test", "email": "test@test.com", "phone_number": "01293 1254312345", "country": "GB", "postcode": null, "town_or_city": "werrwer", "street_address1": "6453", "street_address2": null, "county": null, "date": "2022-02-17T02:01:28.444Z", "delivery_cost": "3.70", "order_total": "36.99", "grand_total": "40.69", "original_bag": "{\"4\": 1}", "stripe_pid": "pi_3KTzIbEiq82jLBhi1TIE5DFY"}}, {"model": "checkout.order", "pk": 15, "fields": {"order_number": "A79502844E0D4575851ADFE5F2CA1FAF", "user_profile": null, "full_name": "paul", "email": "pua@pual.com", "phone_number": "321654", "country": "GB", "postcode": null, "town_or_city": "456", "street_address1": "44", "street_address2": null, "county": null, "date": "2022-02-17T02:02:46.822Z", "delivery_cost": "4.60", "order_total": "45.99", "grand_total": "50.59", "original_bag": "{\"6\": 1}", "stripe_pid": "pi_3KTzJuEiq82jLBhi0yeHbBDq"}}, {"model": "checkout.order", "pk": 16, "fields": {"order_number": "FA77982C7CEB4C22B238FA3E07C5CADB", "user_profile": null, "full_name": "test testy", "email": "whatnote@gmail.com", "phone_number": "07940501150", "country": "GB", "postcode": "BR1 4SA", "town_or_city": "Bromley", "street_address1": "87 Hillcrest Road", "street_address2": null, "county": null, "date": "2022-02-17T02:36:19.723Z", "delivery_cost": "3.70", "order_total": "36.99", "grand_total": "40.69", "original_bag": "{\"4\": 1}", "stripe_pid": "pi_3KTzqbEiq82jLBhi19C7ak5Y"}}, {"model": "checkout.order", "pk": 17, "fields": {"order_number": "1CDB9CDD919C4372B2698D6A15FE15A4", "user_profile": 1, "full_name": "dd", "email": "daniel_cornwall@hotmail.com", "phone_number": "07940501150", "country": "GB", "postcode": "BR1 4SA", "town_or_city": "Bromley", "street_address1": "87 Hillcrest Road", "street_address2": null, "county": null, "date": "2022-02-17T02:39:55.019Z", "delivery_cost": "3.70", "order_total": "36.99", "grand_total": "40.69", "original_bag": "{\"4\": 1}", "stripe_pid": "pi_3KTzuDEiq82jLBhi0Bz7c5sY"}}, {"model": "checkout.order", "pk": 18, "fields": {"order_number": "B8BD37AD8D6840429EEE64BEB44FE7DF", "user_profile": 1, "full_name": "test test", "email": "daniel_cornwall@hotmail.com", "phone_number": "07940501150", "country": "GB", "postcode": "BR1 4SA", "town_or_city": "Bromley", "street_address1": "87 Hillcrest Road", "street_address2": null, "county": null, "date": "2022-02-17T02:42:15.180Z", "delivery_cost": "3.70", "order_total": "36.99", "grand_total": "40.69", "original_bag": "{\"4\": 1}", "stripe_pid": "pi_3KTzwSEiq82jLBhi18atIWcs"}}, {"model": "checkout.order", "pk": 19, "fields": {"order_number": "BB0FD74F722B4B7B8C060D33298142F1", "user_profile": 1, "full_name": "rrrr", "email": "daniel_cornwall@hotmail.com", "phone_number": "07940501150", "country": "GB", "postcode": "BR1 4SA", "town_or_city": "Bromley", "street_address1": "87 Hillcrest Road", "street_address2": null, "county": null, "date": "2022-02-17T02:42:56.803Z", "delivery_cost": "3.70", "order_total": "36.99", "grand_total": "40.69", "original_bag": "{\"4\": 1}", "stripe_pid": "pi_3KTzxCEiq82jLBhi00exvqHh"}}, {"model": "checkout.order", "pk": 20, "fields": {"order_number": "2D6C1C01BBFC4BECB7985A6CE2CF39B6", "user_profile": 1, "full_name": "ddadad", "email": "daniel_cornwall@hotmail.com", "phone_number": "07940501150", "country": "GB", "postcode": "BR1 4SA", "town_or_city": "Bromley", "street_address1": "87 Hillcrest Road", "street_address2": null, "county": null, "date": "2022-02-17T02:47:57.585Z", "delivery_cost": "0.00", "order_total": "65.99", "grand_total": "65.99", "original_bag": "{\"2\": 1}", "stripe_pid": "pi_3KU022Eiq82jLBhi1T9YBnnB"}}, {"model": "checkout.order", "pk": 21, "fields": {"order_number": "CD52753A82AA4ED7B8BCC35E7579EE23", "user_profile": 1, "full_name": "daniel culley", "email": "whatnote@gmail.com", "phone_number": "07940501150", "country": "GB", "postcode": "BR1 4SA", "town_or_city": "Bromley", "street_address1": "87 Hillcrest Road", "street_address2": null, "county": null, "date": "2022-02-17T02:53:11.344Z", "delivery_cost": "4.60", "order_total": "45.99", "grand_total": "50.59", "original_bag": "{\"6\": 1}", "stripe_pid": "pi_3KU071Eiq82jLBhi0fldpYO4"}}, {"model": "checkout.order", "pk": 22, "fields": {"order_number": "DA8FAB36490C4F3B895A3D8502FEFD6B", "user_profile": null, "full_name": "Mr Daniel M Culley", "email": "daniel_cornwall@hotmail.com", "phone_number": "07940501150", "country": "GB", "postcode": "BR14SA", "town_or_city": "Bromley", "street_address1": "87 Hillcrest Road", "street_address2": null, "county": "Kent", "date": "2022-05-12T23:07:26.025Z", "delivery_cost": "0.00", "order_total": "65.99", "grand_total": "65.99", "original_bag": "{\"3\": 1}", "stripe_pid": "pi_3Kyl6EEiq82jLBhi0IrM8NtG"}}, {"model": "checkout.orderlineitem", "pk": 1, "fields": {"order": 1, "product": 8, "product_size": null, "quantity": 1, "lineitem_total": "29.99"}}, {"model": "checkout.orderlineitem", "pk": 2, "fields": {"order": 2, "product": 6, "product_size": null, "quantity": 1, "lineitem_total": "45.99"}}, {"model": "checkout.orderlineitem", "pk": 3, "fields": {"order": 3, "product": 7, "product_size": null, "quantity": 1, "lineitem_total": "29.99"}}, {"model": "checkout.orderlineitem", "pk": 4, "fields": {"order": 4, "product": 3, "product_size": null, "quantity": 1, "lineitem_total": "65.99"}}, {"model": "checkout.orderlineitem", "pk": 5, "fields": {"order": 5, "product": 6, "product_size": null, "quantity": 1, "lineitem_total": "45.99"}}, {"model": "checkout.orderlineitem", "pk": 6, "fields": {"order": 6, "product": 8, "product_size": null, "quantity": 1, "lineitem_total": "29.99"}}, {"model": "checkout.orderlineitem", "pk": 7, "fields": {"order": 7, "product": 2, "product_size": null, "quantity": 1, "lineitem_total": "65.99"}}, {"model": "checkout.orderlineitem", "pk": 8, "fields": {"order": 8, "product": 2, "product_size": null, "quantity": 1, "lineitem_total": "65.99"}}, {"model": "checkout.orderlineitem", "pk": 9, "fields": {"order": 9, "product": 2, "product_size": null, "quantity": 1, "lineitem_total": "65.99"}}, {"model": "checkout.orderlineitem", "pk": 10, "fields": {"order": 10, "product": 7, "product_size": null, "quantity": 1, "lineitem_total": "29.99"}}, {"model": "checkout.orderlineitem", "pk": 11, "fields": {"order": 11, "product": 8, "product_size": null, "quantity": 1, "lineitem_total": "29.99"}}, {"model": "checkout.orderlineitem", "pk": 12, "fields": {"order": 12, "product": 2, "product_size": null, "quantity": 1, "lineitem_total": "65.99"}}, {"model": "checkout.orderlineitem", "pk": 13, "fields": {"order": 13, "product": 3, "product_size": null, "quantity": 1, "lineitem_total": "65.99"}}, {"model": "checkout.orderlineitem", "pk": 14, "fields": {"order": 14, "product": 4, "product_size": null, "quantity": 1, "lineitem_total": "36.99"}}, {"model": "checkout.orderlineitem", "pk": 15, "fields": {"order": 15, "product": 6, "product_size": null, "quantity": 1, "lineitem_total": "45.99"}}, {"model": "checkout.orderlineitem", "pk": 16, "fields": {"order": 16, "product": 4, "product_size": null, "quantity": 1, "lineitem_total": "36.99"}}, {"model": "checkout.orderlineitem", "pk": 17, "fields": {"order": 17, "product": 4, "product_size": null, "quantity": 1, "lineitem_total": "36.99"}}, {"model": "checkout.orderlineitem", "pk": 18, "fields": {"order": 18, "product": 4, "product_size": null, "quantity": 1, "lineitem_total": "36.99"}}, {"model": "checkout.orderlineitem", "pk": 19, "fields": {"order": 19, "product": 4, "product_size": null, "quantity": 1, "lineitem_total": "36.99"}}, {"model": "checkout.orderlineitem", "pk": 20, "fields": {"order": 20, "product": 2, "product_size": null, "quantity": 1, "lineitem_total": "65.99"}}, {"model": "checkout.orderlineitem", "pk": 21, "fields": {"order": 21, "product": 6, "product_size": null, "quantity": 1, "lineitem_total": "45.99"}}, {"model": "checkout.orderlineitem", "pk": 22, "fields": {"order": 22, "product": 3, "product_size": null, "quantity": 1, "lineitem_total": "65.99"}}, {"model": "profiles.userprofile", "pk": 1, "fields": {"user": 1, "default_phone_number": "07940501150", "default_street_address1": "87 Hillcrest Road", "default_street_address2": null, "default_town_or_city": "Bromley", "default_county": null, "default_postcode": "BR1 4SA", "default_country": "GB"}}, {"model": "profiles.userprofile", "pk": 2, "fields": {"user": 2, "default_phone_number": "07940501150", "default_street_address1": "87 Hillcrest Road", "default_street_address2": null, "default_town_or_city": "Bromley", "default_county": null, "default_postcode": "BR1 4SA", "default_country": "GB"}}, {"model": "blog.post", "pk": 1, "fields": {"title": "Pen Event 1", "slug": "my-pen-events", "author": 1, "updated_on": "2022-04-04T20:40:44.855Z", "content": "an exciting day today, we had a market stool displaying our pens at a local event in ipswich, and we sold loads!", "created_on": "2022-04-04T20:40:31.246Z", "status": 1}}, {"model": "blog.post", "pk": 2, "fields": {"title": "Pen Event 2", "slug": "pen-event-2", "author": 1, "updated_on": "2022-05-23T18:50:18.742Z", "content": "Another great day and the Pen Event in Ipswich, lovely to meet some new customers and to see some familiar faces! \r\n\r\nSee you again soon Ipswich!", "created_on": "2022-05-23T18:50:18.743Z", "status": 1}}, {"model": "blog.comment", "pk": 1, "fields": {"post": 1, "name": "Daniel", "email": "whatnote@gmail.com", "body": "test!", "created_on": "2022-06-01T14:18:47.896Z", "active": true}}, {"model": "blog.comment", "pk": 2, "fields": {"post": 1, "name": "Daniel", "email": "whatnote@gmail.com", "body": "I can see you blog post!", "created_on": "2022-06-01T14:42:28.614Z", "active": true}}, {"model": "blog.comment", "pk": 3, "fields": {"post": 1, "name": "Daniel", "email": "whatnote@gmail.com", "body": "I can see you blog post!", "created_on": "2022-06-01T14:42:37.102Z", "active": false}}]